Fundamentals of Wavelets,Jaideva Goswami,4541,0,0
Data Smart,John Foreman,1227,0,0
God Created the Integers,Stephen Hawking,4133,0,0
Superfreakonomics,Stephen Dubner,9934,0,0
Orientalism,Edward Said,4971,0,0
The Nature of Statistical Learning Theory,Vladimir Vapnik,1394,0,0
Girl with the Dragon Tattoo,Steig Larsson,8634,0,0
The Drunkard's Walk,Leonard Mlodinow,9865,0,0
The Complete Sherlock Holmes,Arthur Conan Doyle,2439,0,0
The Wealth of Nations,Adam Smith,4804,0,0
The Pillars of the Earth,Ken Follett,9304,0,0
The Tao of Physics,Fritjof Capra,6458,0,0
Surely You're Joking Mr Feynman,Richard Feyman,5060,0,0
A Farewell to Arms,Ernest Hemingway,3846,0,0
The Veteran,Frederick Forsyth,6613,0,0
False Impressions,Jeffery Archer,5006,0,0
The Last Lecture,Randy Pausch,5130,0,0
Return of the Primitive,Ayn Rand,1267,0,0
Jurassic Park,Michael Crichton,6590,0,0
A Christmas Carol,Charles Dickens,3962,0,0
Tales of Mystery and Imagination,Edgar Allen Poe,2375,0,0
Freakonomics,Stephen Dubner,2529,0,0
The Hidden Connections,Fritjof Capra,5135,0,0
The Story of Philosophy,Will Durant,8818,0,0
Asami Asami,L P Deshpande,1813,0,0
Journal of a Novel,John Steinbeck,7661,0,0
One,Richard Bach,9318,0,0
Down and Out in Paris & London,George Orwell,6290,0,0
Electric Universe,David Bodanis,3457,0,0
